Property Name,Property Type,Description,Price,Bedrooms,Baths,Toilets,Location,City,State,Country,Images,Furnished,Features,URL,Is_Deal
Newly Built Two Terrace With A Private Compound,Other,"2 bedroom House for sale Ajah Lekki Lagos Ajah Lagos selling for ₦90,000,000.",90000000,2,2,3,Ajah Lekki Lagos Ajah Lagos,Lekki,Lagos,Nigeria,"[""https://images.propertypro.ng/large/newly-built-two-terrace-with-a-private-compound-OB6cxdnrVOKEXXvFR8tC.jpeg"", ""https://images.propertypro.ng/large/newly-built-two-terrace-with-a-private-compound-ogkj1wQa5Z9AZNBq6kgU.jpeg"", ""https://images.propertypro.ng/large/newly-built-two-terrace-with-a-private-compound-sURUySedvvMAQZeckGPD.jpeg"", ""https://images.propertypro.ng/large/newly-built-two-terrace-with-a-private-compound-lK66SzB1NXWpkuPaOMiJ.jpeg"", ""https://images.propertypro.ng/large/newly-built-two-terrace-with-a-private-compound-f2n6jN7MJqwRlDVPmaIU.jpeg"", ""https://images.propertypro.ng/large/newly-built-two-terrace-with-a-private-compound-YELaF3xzEVB3yYUpGxng.jpeg"", ""https://images.propertypro.ng/large/newly-built-two-terrace-with-a-private-compound-A9oyxvjL5OUvZkSRRmQ9.jpeg"", ""https://images.propertypro.ng/large/newly-built-two-terrace-with-a-private-compound-J48ph3iwQ4NlSCR9dolV.jpeg"", ""https://images.propertypro.ng/large/newly-built-two-terrace-with-a-private-compound-vPb3Gh2VNmxXOEs1Z7MV.jpeg""]",Fully Furnished,[],https://propertypro.ng/property/2-bedroom-house-for-sale-ajah-lekki-lagos-ajah-lagos-3PBZZ,False
5 Bedroom Semi Detached Duplex,Detached Duplex,"5 bedroom House for sale Ikate Lekki Lagos selling for ₦330,000,000.",330000000,5,5,6,Ikate Lekki Lagos,Lekki,Lagos,Nigeria,"[""https://images.propertypro.ng/large/5-bedroom-semi-detached-duplex-in-lekki-6HnKN0KpdRX3GtE2KfMm.png"", ""https://images.propertypro.ng/large/5-bedroom-semi-detached-duplex-in-lekki-ks569KnU8zW9IZ9EouYb.jpeg"", ""https://images.propertypro.ng/large/5-bedroom-semi-detached-duplex-in-lekki-YmtmtcLRMd0cw49TytQH.jpeg"", ""https://images.propertypro.ng/large/5-bedroom-semi-detached-duplex-in-lekki-YjQCsxoNFVocejVTQTWb.jpeg"", ""https://images.propertypro.ng/large/5-bedroom-semi-detached-duplex-in-lekki-8VcB4pIsZNVVNmKRQxlU.jpeg"", ""https://images.propertypro.ng/large/5-bedroom-semi-detached-duplex-in-lekki-yaIval9EbU9kg9si8Hya.jpeg"", ""https://images.propertypro.ng/large/5-bedroom-semi-detached-duplex-in-lekki-p2OdKY2XML7cq0JQIhbj.jpeg"", ""https://images.propertypro.ng/large/5-bedroom-semi-detached-duplex-in-lekki-5gVdzZ0uMLgnGbGRSytK.jpeg"", ""https://images.propertypro.ng/large/5-bedroom-semi-detached-duplex-in-lekki-BGddXULyO6Yjzoqa3VOc.jpeg"", ""https://images.propertypro.ng/large/5-bedroom-semi-detached-duplex-in-lekki-vuTr7sE1GoyHebJPPfVu.jpeg"", ""https://images.propertypro.ng/large/5-bedroom-semi-detached-duplex-in-lekki-3BD4xeRXIUG1bPIxgclC.jpeg"", ""https://images.propertypro.ng/large/5-bedroom-semi-detached-duplex-in-lekki-tcr3AG4cUZcovJpMuYcW.jpeg"", ""https://images.propertypro.ng/large/5-bedroom-semi-detached-duplex-in-lekki-0xMdNm1nw8LyCgCcjc6U.jpeg"", ""https://images.propertypro.ng/large/5-bedroom-semi-detached-duplex-in-lekki-dd2J8ehZrNDNsZsIpu0t.jpeg""]",Fully Furnished,[],https://propertypro.ng/property/5-bedroom-house-for-sale-ikate-lekki-lagos-1NWNC,True
Four Bedroom Semi Detached House &roof Top,Detached House,"4 bedroom House for sale Ikoyi Lagos Parkview Estate Ikoyi Lagos selling for ₦1,200,000,000.",1200000000,4,4,5,Ikoyi Lagos Parkview Estate Ikoyi Lagos,Ikoyi,Lagos,Nigeria,"[""https://images.propertypro.ng/large/four-bedroom-semi-detached-house-amproof-top-bWAEGrNaRra7tEebFunJ.jpeg"", ""https://images.propertypro.ng/large/four-bedroom-semi-detached-house-amproof-top-H6mZ7v6GZaqFitrqQdTk.jpeg"", ""https://images.propertypro.ng/large/four-bedroom-semi-detached-house-amproof-top-1LvnZAxTM7Ns2QxYjI49.jpeg"", ""https://images.propertypro.ng/large/four-bedroom-semi-detached-house-amproof-top-i2bCYthAqMllo3qKItHL.jpeg"", ""https://images.propertypro.ng/large/four-bedroom-semi-detached-house-amproof-top-xN0y2bjLzTMZUjW3HtBl.jpeg"", ""https://images.propertypro.ng/large/four-bedroom-semi-detached-house-amproof-top-s4ckG7QUJeAaq2AV4ooW.jpeg"", ""https://images.propertypro.ng/large/four-bedroom-semi-detached-house-amproof-top-lDTQ2Hp2ghMWrByprPCB.jpeg"", ""https://images.propertypro.ng/large/four-bedroom-semi-detached-house-amproof-top-hpW097G2QHjQ1T5PcKFv.jpeg"", ""https://images.propertypro.ng/large/four-bedroom-semi-detached-house-amproof-top-zQCLwuE7x5v0CYkhmcbg.jpeg"", ""https://images.propertypro.ng/large/four-bedroom-semi-detached-house-amproof-top-t9JX2X0kppZ7EutlTOzt.jpeg"", ""https://images.propertypro.ng/large/four-bedroom-semi-detached-house-amproof-top-UZRATEN9uZjhPKUDavb8.jpeg"", ""https://images.propertypro.ng/large/four-bedroom-semi-detached-house-amproof-top-U5DKYWMEyj7JaDuAL9gO.jpeg"", ""https://images.propertypro.ng/large/four-bedroom-semi-detached-house-amproof-top-OjOLWVtPbjas2JxWBOeS.jpeg"", ""https://images.propertypro.ng/large/four-bedroom-semi-detached-house-amproof-top-Bfq8sYtZBJwyOwFRVBR2.jpeg"", ""https://images.propertypro.ng/large/four-bedroom-semi-detached-house-amproof-top-afggEWrMXnSizjb4UQ0X.jpeg""]",Fully Furnished,[],https://propertypro.ng/property/4-bedroom-house-for-sale-ikoyi-lagos-parkview-estate-ikoyi-lagos-4PAVM,False
Modern Contemporary 5 Bed Semi Detached Duplex,Detached Duplex,"4 bedroom House for sale Cowrie Creek Estate Ikate Lekki Lagos selling for ₦1,000,000,000.",1000000000,4,4,5,Cowrie Creek Estate Ikate Lekki Lagos,Lekki,Lagos,Nigeria,"[""https://images.propertypro.ng/large/modern-contemporary-5-bed-semi-detached-duplex-WRF9rjIUI0C09KQEDMOU.jpeg"", ""https://images.propertypro.ng/large/modern-contemporary-5-bed-semi-detached-duplex-L0oDI3bcMy36fAP9DEYH.jpeg"", ""https://images.propertypro.ng/large/modern-contemporary-5-bed-semi-detached-duplex-SOxoVSzaHqiyaYt8QRPL.jpeg"", ""https://images.propertypro.ng/large/modern-contemporary-5-bed-semi-detached-duplex-FfZfH66yFZF81XiqYBUK.jpeg"", ""https://images.propertypro.ng/large/modern-contemporary-5-bed-semi-detached-duplex-OjxJE1rXWDQzLEQMcgk1.jpeg"", ""https://images.propertypro.ng/large/modern-contemporary-5-bed-semi-detached-duplex-ZwOrSkpdGlt3zQ5X7zih.jpeg"", ""https://images.propertypro.ng/large/modern-contemporary-5-bed-semi-detached-duplex-TDtLVY83OFvYMuxlIU89.jpeg"", ""https://images.propertypro.ng/large/modern-contemporary-5-bed-semi-detached-duplex-ZgouDSo7gs0vJc3XcZjg.jpeg"", ""https://images.propertypro.ng/large/modern-contemporary-5-bed-semi-detached-duplex-79atGlw4xxEbyWi8F7Px.jpeg"", ""https://images.propertypro.ng/large/modern-contemporary-5-bed-semi-detached-duplex-lgGm7b19HLBYbxsxyaFO.jpeg"", ""https://images.propertypro.ng/large/modern-contemporary-5-bed-semi-detached-duplex-oYtyH8Yu9OVtzXH75oEN.jpeg"", ""https://images.propertypro.ng/large/modern-contemporary-5-bed-semi-detached-duplex-kmFKv5E5YDUtO8vLaQAc.jpeg"", ""https://images.propertypro.ng/large/modern-contemporary-5-bed-semi-detached-duplex-n1TiCqKu5oRPxZr3kdFu.jpeg"", ""https://images.propertypro.ng/large/modern-contemporary-5-bed-semi-detached-duplex-BcQIGYC4NMEklATa4VaS.jpeg"", ""https://images.propertypro.ng/large/modern-contemporary-5-bed-semi-detached-duplex-8NRk2JSTsLEPgQ5PxVzN.jpeg"", ""https://images.propertypro.ng/large/modern-contemporary-5-bed-semi-detached-duplex-0W5piBo2MQn0EAHibcsg.jpeg"", ""https://images.propertypro.ng/large/modern-contemporary-5-bed-semi-detached-duplex-FlxVXNbckxdkSsSVHveE.jpeg"", ""https://images.propertypro.ng/large/modern-contemporary-5-bed-semi-detached-duplex-z0vbjYFwATWgcnQXYLay.jpeg"", ""https://images.propertypro.ng/large/modern-contemporary-5-bed-semi-detached-duplex-wZ7gQK4qbygkzSHHyOzc.jpeg"", ""https://images.propertypro.ng/large/modern-contemporary-5-bed-semi-detached-duplex-axBYXVfxeqkBydnRXCyn.jpeg"", ""https://images.propertypro.ng/large/modern-contemporary-5-bed-semi-detached-duplex-mN8MzW9eloTGcT4fDszs.jpeg""]",Fully Furnished,"[""Swimming Pool"", ""Big Compound"", ""All Room Ensuit"", ""24 hours Electricity"", ""Drainage System"", ""Ocean View"", ""Parking Space"", ""C of O"", ""Security"", ""Boys Quater"", ""Security doors""]",https://propertypro.ng/property/4-bedroom-house-for-sale-cowrie-creek-estate-ikate-lekki-lagos-6PBYJ,False
5 Bedroom Semi Detached House,Detached House,"5 bedroom House for sale Idu Abuja selling for ₦370,000,000.",370000000,5,5,6,Idu Abuja,Idu,Abuja,Nigeria,"[""https://images.propertypro.ng/large/5-bedroom-semidetached-house-for-sale-at-idu-dNTQm1GYRBCgTaVMgP1F.jpeg"", ""https://images.propertypro.ng/large/5-bedroom-semidetached-house-for-sale-at-idu-lulxwmTypHuYcYW9zf7L.jpeg"", ""https://images.propertypro.ng/large/5-bedroom-semidetached-house-for-sale-at-idu-DSCyM3gfmumvFANYgDfT.jpeg"", ""https://images.propertypro.ng/large/5-bedroom-semidetached-house-for-sale-at-idu-pBBu4zsb8o8xpYBbHbQp.jpeg"", ""https://images.propertypro.ng/large/5-bedroom-semidetached-house-for-sale-at-idu-TU4nC5LQ5B8Hiklp01RI.jpeg"", ""https://images.propertypro.ng/large/5-bedroom-semidetached-house-for-sale-at-idu-rNoSkJQTHOhTL17DwuzK.jpeg"", ""https://images.propertypro.ng/large/5-bedroom-semidetached-house-for-sale-at-idu-y6TyxhpuFnBfJQbgdyQ6.jpeg"", ""https://images.propertypro.ng/large/5-bedroom-semidetached-house-for-sale-at-idu-p7j2SFAhxgLPjideowAi.jpeg"", ""https://images.propertypro.ng/large/5-bedroom-semidetached-house-for-sale-at-idu-pPGm9FP9ufGF3BHx8TD7.jpeg"", ""https://images.propertypro.ng/large/5-bedroom-semidetached-house-for-sale-at-idu-deOdrQf0nfDUe3i0B7dd.jpeg""]",Fully Furnished,"[""Street Lights"", ""Big Compound"", ""24 Hours Security"", ""Restaurants Nearby"", ""All Room Ensuit"", ""Drainage System"", ""POP Ceiling"", ""Supermarket Nearby"", ""Parking Space"", ""Security"", ""Security doors"", ""Boys Quater"", ""Fast Internet""]",https://propertypro.ng/property/5-bedroom-house-for-sale-idu-abuja-0NVJU,True
4 Bedroom Terraced Duplex,Duplex,"4 bedroom House for sale Gwarinpa Abuja selling for ₦140,000,000.",140000000,4,4,4,Gwarinpa Abuja,Gwarinpa,Abuja,Nigeria,"[""https://images.propertypro.ng/large/4-bedroom-terrace-duplex-for-sale-jGzRdCuvdKIQ53ONWrGn.jpeg"", ""https://images.propertypro.ng/large/4-bedroom-terrace-duplex-for-sale-9azLxB8dRLOUlADTiCMC.jpeg"", ""https://images.propertypro.ng/large/4-bedroom-terrace-duplex-for-sale-3EXe8px6IzPvLfbk7ETs.jpeg"", ""https://images.propertypro.ng/large/4-bedroom-terrace-duplex-for-sale-XkLrJR2TorAWVvfnvOWS.jpeg"", ""https://images.propertypro.ng/large/4-bedroom-terrace-duplex-for-sale-WKXY0n0sNVE2KlgiUOvY.jpeg"", ""https://images.propertypro.ng/large/4-bedroom-terrace-duplex-for-sale-l2WJUxHOOEMY0rsUZCXv.jpeg"", ""https://images.propertypro.ng/large/4-bedroom-terrace-duplex-for-sale-nGqXK8pQyknZeECszHGz.jpeg"", ""https://images.propertypro.ng/large/4-bedroom-terrace-duplex-for-sale-JzkZwWST5fDjTjb9xYSe.jpeg"", ""https://images.propertypro.ng/large/4-bedroom-terrace-duplex-for-sale-XpVjXMG3eLPRZWPoZKF8.jpeg""]",Fully Furnished,[],https://propertypro.ng/property/4-bedroom-house-for-sale-gwarinpa-abuja-7NVSX,True
4 Bedroom Terrace Duplex,Terrace Duplex,"4 bedroom House for sale Kolapo Ishola Estate Akobo Ibadan Oyo selling for ₦150,000,000.",150000000,4,0,0,Kolapo Ishola Estate Akobo Ibadan Oyo,Ibadan,Oyo,Nigeria,"[""https://images.propertypro.ng/large/4-bedroom-terrace-duplex-RNvcJw1yck7jOaDUg4lS.jpg""]",Fully Furnished,"[""24 Hours Security"", ""Children Play Ground"", ""Big Compound"", ""Parking Space""]",https://propertypro.ng/property/4-bedroom-house-for-sale-kolapo-ishola-estate-akobo-ibadan-oyo-9NQKA,True
4 Bedroom Maisonette,Other,"4 bedroom House for sale  Mojisola Onikoyi Estate Ikoyi Lagos selling for ₦1,700,000,000.",1700000000,4,4,5,Mojisola Onikoyi Estate Ikoyi Lagos,Ikoyi,Lagos,Nigeria,"[""https://images.propertypro.ng/large/well-built-four-bedroom-massionte-house-amp-pent-floor-yNS1RRByEuKsuMc6vAjP.jpeg"", ""https://images.propertypro.ng/large/well-built-four-bedroom-massionte-house-amp-pent-floor-nx8f3HTbPXbkMpHbeOZJ.jpeg"", ""https://images.propertypro.ng/large/well-built-four-bedroom-massionte-house-amp-pent-floor-8GkI23ovGgeJiwwVZiPc.jpeg"", ""https://images.propertypro.ng/large/well-built-four-bedroom-massionte-house-amp-pent-floor-GQD5A9w9KlnEyjJWNG9q.jpeg"", ""https://images.propertypro.ng/large/well-built-four-bedroom-massionte-house-amp-pent-floor-UckNJFaNjDAnWgFtPFnf.jpeg"", ""https://images.propertypro.ng/large/well-built-four-bedroom-massionte-house-amp-pent-floor-HGw3JMVfdZeCmaoeMWtJ.jpeg"", ""https://images.propertypro.ng/large/well-built-four-bedroom-massionte-house-amp-pent-floor-TQkkwUqisXivlt77utnF.jpeg"", ""https://images.propertypro.ng/large/well-built-four-bedroom-massionte-house-amp-pent-floor-LR63CMbtMvgM1uhIjYyT.jpeg"", ""https://images.propertypro.ng/large/well-built-four-bedroom-massionte-house-amp-pent-floor-BYMRpcnMLZCWb2g0hoH5.jpeg"", ""https://images.propertypro.ng/large/well-built-four-bedroom-massionte-house-amp-pent-floor-5BX88TrTaT6C4WNfXos1.jpeg"", ""https://images.propertypro.ng/large/well-built-four-bedroom-massionte-house-amp-pent-floor-OMwEVyMnti6L8LvxohdL.jpeg"", ""https://images.propertypro.ng/large/well-built-four-bedroom-massionte-house-amp-pent-floor-ImBvI105faWK9aeoCpyC.jpeg""]",Fully Furnished,[],https://propertypro.ng/property/4-bedroom-house-for-sale-mojisola-onikoyi-estate-ikoyi-lagos-9NYWT,False
Luxury 4 Bedroom Detached Bungalow,Bungalow,"4 bedroom House for sale Pan Atlantic, Lakowe Golf, Eleko Junction Ibeju-Lekki Lagos selling for ₦80,000,000.",80000000,4,4,5,"Pan Atlantic, Lakowe Golf, Eleko Junction Ibeju Lekki Lagos",Lekki,Lagos,Nigeria,"[""https://images.propertypro.ng/large/ay-luxury-4-bedroom-detached-bungalow-k7Uj3iVaNtVTMcNiPn9S.jpg"", ""https://images.propertypro.ng/large/ay-luxury-4-bedroom-detached-bungalow-qdrZv6NwSxM0EozV3oVT.jpg"", ""https://images.propertypro.ng/large/ay-luxury-4-bedroom-detached-bungalow-GQMTwzBCxgwPYs0oPQKW.jpg"", ""https://images.propertypro.ng/large/ay-luxury-4-bedroom-detached-bungalow-txulpRkP5rgkszAAi4zI.jpg"", ""https://images.propertypro.ng/large/ay-luxury-4-bedroom-detached-bungalow-Vl6qtkOvIJrQHvHVJAwg.jpg"", ""https://images.propertypro.ng/large/ay-luxury-4-bedroom-detached-bungalow-w86HuR8R54YhbR8ohUYm.jpg"", ""https://images.propertypro.ng/large/ay-luxury-4-bedroom-detached-bungalow-ZAt2gR7p8hTTZEwDcQP8.jpg"", ""https://images.propertypro.ng/large/ay-luxury-4-bedroom-detached-bungalow-gf4zJtY8ySnCNb7lNdfs.jpg"", ""https://images.propertypro.ng/large/ay-luxury-4-bedroom-detached-bungalow-Ei3fB4BEBZtWYYzNBBvd.jpg"", ""https://images.propertypro.ng/large/ay-luxury-4-bedroom-detached-bungalow-t0gms1mXT46DMxBE3gQ2.jpg"", ""https://images.propertypro.ng/large/ay-luxury-4-bedroom-detached-bungalow-AklOCfDcia8OIxN4MDQu.jpg"", ""https://images.propertypro.ng/large/ay-luxury-4-bedroom-detached-bungalow-vEEcmR9phPwRKi0OqGux.jpg"", ""https://images.propertypro.ng/large/ay-luxury-4-bedroom-detached-bungalow-WD2yqZlOvnxHJ98pBjqp.jpg""]",Fully Furnished,"[""Big Compound"", ""24 hours Electricity"", ""All Room Ensuit"", ""CCTV Cameras"", ""Drainage System"", ""C of O""]",https://propertypro.ng/property/4-bedroom-house-for-sale-pan-atlantic-lakowe-golf-eleko-junction-ibeju-lekki-lagos-2PAEF,True
Offplan 3 Bedroom Apartment With Payment Plan,Apartment,"3 bedroom Flat / Apartment for sale Allen Avenue Ikeja Lagos selling for ₦240,000,000.",240000000,3,0,0,Allen Avenue Ikeja Lagos,Ikeja,Lagos,Nigeria,"[""https://images.propertypro.ng/large/premium-3-bedroom-apartment-with-bq-hh2v2zSpEnE8LMF6wRaD.jpeg"", ""https://images.propertypro.ng/large/premium-3-bedroom-apartment-with-bq-ngsuz29ngFyz4Fgmtnfw.jpeg"", ""https://images.propertypro.ng/large/premium-3-bedroom-apartment-with-bq-gd7KKlVW5Nkkzsc9K6We.jpeg"", ""https://images.propertypro.ng/large/premium-3-bedroom-apartment-with-bq-6jMFOqUhYSOKcS2kN9Vd.jpeg"", ""https://images.propertypro.ng/large/premium-3-bedroom-apartment-with-bq-Bb7N1bSzy5haXE4rb2aW.jpeg"", ""https://images.propertypro.ng/large/premium-3-bedroom-apartment-with-bq-KOw4HVPaGAGfgZjS7TjQ.jpeg"", ""https://images.propertypro.ng/large/premium-3-bedroom-apartment-with-bq-W38NT4Bl0h51cxqhj81E.jpeg"", ""https://images.propertypro.ng/large/premium-3-bedroom-apartment-with-bq-wxdFtl9Cz3Y5s6Uh7uJb.jpeg"", ""https://images.propertypro.ng/large/premium-3-bedroom-apartment-with-bq-mCOUyjLI9ZHbncMqYRln.jpeg"", ""https://images.propertypro.ng/large/premium-3-bedroom-apartment-with-bq-9EECzf4SBggl8Jbg5RTL.jpeg"", ""https://images.propertypro.ng/large/premium-3-bedroom-apartment-with-bq-v0rEf7w7RehQ2xBPxHEQ.jpeg""]",Fully Furnished,"[""Governor's Consent"", ""All Room Ensuit"", ""POP Ceiling"", ""Boys Quater""]",https://propertypro.ng/property/3-bedroom-flat-apartment-for-sale-allen-avenue-ikeja-lagos-9NRWZ,False
Brand New 5 Bedroom Detached Duplex,Detached Duplex,"5 bedroom House for sale Lekki Phase 1 Lekki Lagos selling for ₦1,200,000,000.",1200000000,5,5,6,Lekki Phase 1 Lekki Lagos,Lekki,Lagos,Nigeria,"[""https://images.propertypro.ng/large/brand-new-5-bedroom-detached-duplex-uYq2gQdZncpZp6FwpM7t.jpeg"", ""https://images.propertypro.ng/large/brand-new-5-bedroom-detached-duplex-tttNBwA76X7YE5vRXHWe.jpeg"", ""https://images.propertypro.ng/large/brand-new-5-bedroom-detached-duplex-041ve2jbeWPZY7IfsL4b.jpeg"", ""https://images.propertypro.ng/large/brand-new-5-bedroom-detached-duplex-NdZzhzRUaPcOH5oE2ntc.jpeg"", ""https://images.propertypro.ng/large/brand-new-5-bedroom-detached-duplex-H6dHc7BaU3om3iuPrmZC.jpeg"", ""https://images.propertypro.ng/large/brand-new-5-bedroom-detached-duplex-UjqZlZjDvqz5bwfFWJMB.jpeg"", ""https://images.propertypro.ng/large/brand-new-5-bedroom-detached-duplex-38jnpghaYuRBj28OxZ8U.jpeg"", ""https://images.propertypro.ng/large/brand-new-5-bedroom-detached-duplex-ixUgMMgyZEJ2nUh0GcMT.jpeg"", ""https://images.propertypro.ng/large/brand-new-5-bedroom-detached-duplex-JzAqEA0SS38mk4qwKNnq.jpeg"", ""https://images.propertypro.ng/large/brand-new-5-bedroom-detached-duplex-v89HuoJjVqzZORi3mMBc.jpeg"", ""https://images.propertypro.ng/large/brand-new-5-bedroom-detached-duplex-CadclSy3M2O3WresmKwV.jpeg"", ""https://images.propertypro.ng/large/brand-new-5-bedroom-detached-duplex-LPgGiMxOqev4roS6wQ41.jpeg"", ""https://images.propertypro.ng/large/brand-new-5-bedroom-detached-duplex-GLDhwEBRHUXduis85thD.jpeg"", ""https://images.propertypro.ng/large/brand-new-5-bedroom-detached-duplex-AjOKBDVE37CJdAcvqWDJ.jpeg"", ""https://images.propertypro.ng/large/brand-new-5-bedroom-detached-duplex-6bP6jWs7QZWlT6PjbwGN.jpeg"", ""https://images.propertypro.ng/large/brand-new-5-bedroom-detached-duplex-BVQD7tpQAzExtQYxWjJR.jpeg"", ""https://images.propertypro.ng/large/brand-new-5-bedroom-detached-duplex-NJzMRKbz2NIUlVGwAIbG.jpeg"", ""https://images.propertypro.ng/large/brand-new-5-bedroom-detached-duplex-pybbmgFgb86mansUjSLd.jpeg"", ""https://images.propertypro.ng/large/brand-new-5-bedroom-detached-duplex-ddJrdHUpZoIfZTYPkqHE.jpeg""]",Fully Furnished,"[""Swimming Pool"", ""All Room Ensuit"", ""Security"", ""Boys Quater""]",https://propertypro.ng/property/5-bedroom-house-for-sale-lekki-phase-1-lekki-lagos-4PBXQ,False
Massive 5 Bedroom Detached Duplex With Elevator,Detached Duplex,"5 bedroom House for sale Lekki Phase 1 Lekki Lagos selling for ₦1,300,000,000.",1300000000,5,5,6,Lekki Phase 1 Lekki Lagos,Lekki,Lagos,Nigeria,"[""https://images.propertypro.ng/large/eM0qU-massive-5-bedroom-detached-duplex-with-elevator-dJDQ6hCr2xRcCvKfr8pL.jpg"", ""https://images.propertypro.ng/large/massive-5-bedroom-detached-duplex-with-elevator-KlfBX2XSi93ynArGnrJb.jpg"", ""https://images.propertypro.ng/large/massive-5-bedroom-detached-duplex-with-elevator-Y9wL6VQ2mHABsZcOv76S.jpg"", ""https://images.propertypro.ng/large/massive-5-bedroom-detached-duplex-with-elevator-2Y90hEPq9Fv8JGsvMOJs.jpg"", ""https://images.propertypro.ng/large/massive-5-bedroom-detached-duplex-with-elevator-NOjq5N29yoLgTpXzGQMl.jpg"", ""https://images.propertypro.ng/large/massive-5-bedroom-detached-duplex-with-elevator-w9mBXzW31It91jXgvfcK.jpg"", ""https://images.propertypro.ng/large/massive-5-bedroom-detached-duplex-with-elevator-VWXTruUAQXHGMRkf9If3.jpg"", ""https://images.propertypro.ng/large/massive-5-bedroom-detached-duplex-with-elevator-nwTYx6VPFhzyr4UuhRU6.jpg"", ""https://images.propertypro.ng/large/massive-5-bedroom-detached-duplex-with-elevator-QJPhfMjZ0z5VJFiNyLoU.jpg"", ""https://images.propertypro.ng/large/massive-5-bedroom-detached-duplex-with-elevator-y9OjzJmtafsyiShdtWzS.jpg"", ""https://images.propertypro.ng/large/massive-5-bedroom-detached-duplex-with-elevator-ZFwIYLi2qtJD4BgDuaVJ.jpg"", ""https://images.propertypro.ng/large/massive-5-bedroom-detached-duplex-with-elevator-M9QEJ4UswhTHw7zihmvn.jpg"", ""https://images.propertypro.ng/large/massive-5-bedroom-detached-duplex-with-elevator-C5Ur4NmoVtD9OAZZg8W1.jpg"", ""https://images.propertypro.ng/large/massive-5-bedroom-detached-duplex-with-elevator-dCriF8hWujMhXHqodeLY.jpg""]",Fully Furnished,"[""Big Compound"", ""Front Desk Service"", ""Governor's Consent"", ""24 Hours Security"", ""All Room Ensuit"", ""POP Ceiling"", ""Water Treatment"", ""Security"", ""Security doors"", ""Elevator"", ""Boys Quater""]",https://propertypro.ng/property/5-bedroom-house-for-sale-lekki-phase-1-lekki-lagos-9PBXR,False
5bed Terraces+bq,Other,"5 bedroom House for sale (in An Estate) Maryland Lagos selling for ₦300,000,000.",300000000,5,6,6,(in An Estate) Maryland Lagos,Maryland,Lagos,Nigeria,"[""https://images.propertypro.ng/large/5bed-terracesbq-aZ5uyJZfqdEt8ANYU1wF.jpg"", ""https://images.propertypro.ng/large/5bed-terracesbq-Z370eN5VQ0KhJ80skx6k.jpg"", ""https://images.propertypro.ng/large/5bed-terracesbq-d4zQaoR7Mgq7bObvEbIH.jpg"", ""https://images.propertypro.ng/large/5bed-terracesbq-rLAhqRwLriG32g96yfp1.jpg"", ""https://images.propertypro.ng/large/5bed-terracesbq-RWq96dKyVW1Mbg5n2mop.jpg"", ""https://images.propertypro.ng/large/5bed-terracesbq-1my5FjGd3bKuHcrfSpb4.jpg"", ""https://images.propertypro.ng/large/5bed-terracesbq-XJAGGlg1rRAJ48P8sXUM.jpg"", ""https://images.propertypro.ng/large/5bed-terracesbq-vDOanfFFvsmYSV4pLZ2D.jpg"", ""https://images.propertypro.ng/large/5bed-terracesbq-Ek40CMeRChcGJkIvcvBu.jpg"", ""https://images.propertypro.ng/large/5bed-terracesbq-RVxSnd4xQzYhMVR4sf7W.jpg"", ""https://images.propertypro.ng/large/5bed-terracesbq-PxK8NjJ68ipfzc3R10vK.jpg"", ""https://images.propertypro.ng/large/5bed-terracesbq-ryc62w8GUlOwiijFp5FQ.jpg"", ""https://images.propertypro.ng/large/5bed-terracesbq-LPoR8XBFFywDsucIvs4J.jpg"", ""https://images.propertypro.ng/large/5bed-terracesbq-aquToDZfpJyxIou6GDAK.jpg"", ""https://images.propertypro.ng/large/5bed-terracesbq-kMT59Ql33Q5LAhSPnHQC.jpg"", ""https://images.propertypro.ng/large/5bed-terracesbq-Yo8oPXOL6vnSsfUIkxOo.jpg"", ""https://images.propertypro.ng/large/5bed-terracesbq-vNx3DClsHsuUmDeeUERN.jpg""]",Fully Furnished,"[""Street Lights"", ""Big Compound"", ""24 Hours Security"", ""All Room Ensuit"", ""24 hours Electricity"", ""CCTV Cameras"", ""Drainage System"", ""Jacuzzi"", ""Parking Space"", ""Water Treatment"", ""POP Ceiling"", ""C of O"", ""Security"", ""Boys Quater"", ""Security doors""]",https://propertypro.ng/property/5-bedroom-house-for-sale-in-an-estate-maryland-lagos-5PBFQ,True
4 Bedroom Flat,Flat,"4 bedroom House for sale Wuse 1 Abuja selling for ₦360,000,000.",360000000,4,4,5,Wuse 1 Abuja,1,Abuja,Nigeria,"[""https://images.propertypro.ng/large/4-bedroom-amp1bq-terrace-for-sale-at-wuse-zone-4-GX3Xd4c3b1g7vlU3tQMm.jpeg"", ""https://images.propertypro.ng/large/4-bedroom-amp1bq-terrace-for-sale-at-wuse-zone-4-TM8Vd0KEMQ2fk8exTee9.jpeg"", ""https://images.propertypro.ng/large/4-bedroom-amp1bq-terrace-for-sale-at-wuse-zone-4-eEXcwk7jMyuPlwridJz3.jpeg"", ""https://images.propertypro.ng/large/4-bedroom-amp1bq-terrace-for-sale-at-wuse-zone-4-2OtZlGqFXUbkhjEVNfbJ.jpeg"", ""https://images.propertypro.ng/large/4-bedroom-amp1bq-terrace-for-sale-at-wuse-zone-4-U7PwM8dmpIcHmYcamtI3.jpeg"", ""https://images.propertypro.ng/large/4-bedroom-amp1bq-terrace-for-sale-at-wuse-zone-4-Xs4ibcM8oqdLfWN0E1vR.jpeg"", ""https://images.propertypro.ng/large/4-bedroom-amp1bq-terrace-for-sale-at-wuse-zone-4-K0AbaaO6i4XxOkZoDksQ.jpeg"", ""https://images.propertypro.ng/large/4-bedroom-amp1bq-terrace-for-sale-at-wuse-zone-4-rstDs3Gv4kOEQXNnGBSV.jpeg"", ""https://images.propertypro.ng/large/4-bedroom-amp1bq-terrace-for-sale-at-wuse-zone-4-JpraHyVLxYE0laCdS1HG.jpeg"", ""https://images.propertypro.ng/large/4-bedroom-amp1bq-terrace-for-sale-at-wuse-zone-4-nnNCzC4fq62xJvDa0oKJ.jpeg""]",Fully Furnished,"[""Street Lights"", ""Mosques Nearby"", ""24 Hours Security"", ""Big Compound"", ""Governor's Consent"", ""Restaurants Nearby"", ""All Room Ensuit"", ""Drainage System"", ""Church Nearby"", ""Parking Space"", ""Water Treatment"", ""Office Supplies"", ""POP Ceiling"", ""Free Coffee"", ""Supermarket Nearby"", ""C of O"", ""Security"", ""Boys Quater"", ""Security doors"", ""Fast Internet""]",https://propertypro.ng/property/4-bedroom-house-for-sale-wuse-1-abuja-4NUTE,False
4 Bedroom Detached Duplex,Detached Duplex,"4 bedroom House for sale Kolapo Ishola Estate Akobo Ibadan Oyo selling for ₦200,000,000.",200000000,4,0,0,Kolapo Ishola Estate Akobo Ibadan Oyo,Ibadan,Oyo,Nigeria,"[""https://images.propertypro.ng/large/4-bedroom-detached-duplex-3YAXt3jEKodMBHK1h0Zv.jpg"", ""https://images.propertypro.ng/large/4-bedroom-detached-duplex-2HHOzf4iudE1uRC6EkSY.jpg"", ""https://images.propertypro.ng/large/4-bedroom-detached-duplex-11V00O56ZMcgP5zz54r3.jpg"", ""https://images.propertypro.ng/large/4-bedroom-detached-duplex-20RuVNBmuCsCOjjpTT2p.jpg"", ""https://images.propertypro.ng/large/4-bedroom-detached-duplex-9jb0MWsClQ7hPWNgfqB6.jpg"", ""https://images.propertypro.ng/large/4-bedroom-detached-duplex-0jNlg4HbtJKARMxcEaLW.jpg""]",Fully Furnished,"[""Big Compound"", ""Boys Quater""]",https://propertypro.ng/property/4-bedroom-house-for-sale-kolapo-ishola-estate-akobo-ibadan-oyo-1NPXV,True
4 Bedroom Detached Duplex,Detached Duplex,"4 bedroom House for sale Kolapo Ishola Estate Akobo Ibadan Oyo selling for ₦200,000,000.",200000000,4,0,0,Kolapo Ishola Estate Akobo Ibadan Oyo,Ibadan,Oyo,Nigeria,"[""https://images.propertypro.ng/large/4-bedroom-detached-duplex-XpHkE4Qc2xDfDDj0A0TU.jpg"", ""https://images.propertypro.ng/large/4-bedroom-detached-duplex-Girw5OGFjmF408F9UWiG.jpg"", ""https://images.propertypro.ng/large/4-bedroom-detached-duplex-bmtI8Xye3BiM9kfPBnME.jpg"", ""https://images.propertypro.ng/large/4-bedroom-detached-duplex-sfhD4sXiyTH04rOj5pwr.jpg"", ""https://images.propertypro.ng/large/4-bedroom-detached-duplex-0TBCSRBehrZ1WCov1ED9.jpg"", ""https://images.propertypro.ng/large/4-bedroom-detached-duplex-4gFqmfKMucHKWW0Nd7CF.jpg""]",Fully Furnished,"[""Big Compound"", ""Boys Quater""]",https://propertypro.ng/property/4-bedroom-house-for-sale-kolapo-ishola-estate-akobo-ibadan-oyo-1NPXW,True
4 Bedroom Detached Duplex,Detached Duplex,"4 bedroom House for sale Kolapo Ishola Estate Akobo Ibadan Oyo selling for ₦200,000,000.",200000000,4,0,0,Kolapo Ishola Estate Akobo Ibadan Oyo,Ibadan,Oyo,Nigeria,"[""https://images.propertypro.ng/large/4-bedroom-detached-duplex-JFlAF0UnNp5uBG1soVsN.jpg"", ""https://images.propertypro.ng/large/4-bedroom-detached-duplex-43H4DFkT9zGlb4FEjy3Z.jpg"", ""https://images.propertypro.ng/large/4-bedroom-detached-duplex-QoSqygcLWpYQbWHmNSba.jpg"", ""https://images.propertypro.ng/large/4-bedroom-detached-duplex-VqKc6aNgMQkTPaydH3nY.jpg"", ""https://images.propertypro.ng/large/4-bedroom-detached-duplex-BzfmBEcr2LS38sva1iTq.jpg"", ""https://images.propertypro.ng/large/4-bedroom-detached-duplex-ykDRQZq6SfSDEEuSMGln.jpg""]",Fully Furnished,"[""Big Compound"", ""Boys Quater""]",https://propertypro.ng/property/4-bedroom-house-for-sale-kolapo-ishola-estate-akobo-ibadan-oyo-5NPXV,True
6 Units Of 3 Bedroom Flat,Flat,"3 bedroom House for sale  Ajao Estate Isolo Lagos selling for ₦320,000,000.",320000000,3,3,3,Ajao Estate Isolo Lagos,Isolo,Lagos,Nigeria,"[""https://images.propertypro.ng/large/executive-6nos-3bed-rooms-flat-in-isolo-ajao-estate-owUvi7wT4cmBWpRzwdqX.jpg"", ""https://images.propertypro.ng/large/executive-6nos-3bed-rooms-flat-in-isolo-ajao-estate-J70MDo56xo00vHVu5n8H.jpg"", ""https://images.propertypro.ng/large/executive-6nos-3bed-rooms-flat-in-isolo-ajao-estate-qsoRy7PziLVU9k2n0JY3.jpg"", ""https://images.propertypro.ng/large/executive-6nos-3bed-rooms-flat-in-isolo-ajao-estate-Z09E04tpS8oOaknR27Cz.jpg"", ""https://images.propertypro.ng/large/executive-6nos-3bed-rooms-flat-in-isolo-ajao-estate-gh5ehYVGuPySI5lY6ObV.jpg"", ""https://images.propertypro.ng/large/executive-6nos-3bed-rooms-flat-in-isolo-ajao-estate-FeRv7ghbwGMOPcYL3zkH.jpg"", ""https://images.propertypro.ng/large/executive-6nos-3bed-rooms-flat-in-isolo-ajao-estate-whUrr9G7jeib03C2h6US.jpg"", ""https://images.propertypro.ng/large/executive-6nos-3bed-rooms-flat-in-isolo-ajao-estate-GaLw5CsyZU4laEVVoByt.jpg"", ""https://images.propertypro.ng/large/executive-6nos-3bed-rooms-flat-in-isolo-ajao-estate-zggGmzIXcEGTJJW9zLIM.jpg"", ""https://images.propertypro.ng/large/executive-6nos-3bed-rooms-flat-in-isolo-ajao-estate-51dvDxlT2N57m2cLwDER.jpg"", ""https://images.propertypro.ng/large/executive-6nos-3bed-rooms-flat-in-isolo-ajao-estate-B8B29Ppt10uW8gK8U9aF.jpg"", ""https://images.propertypro.ng/large/executive-6nos-3bed-rooms-flat-in-isolo-ajao-estate-Ah8NsYfY9eJ2jkSWPbG0.jpg"", ""https://images.propertypro.ng/large/executive-6nos-3bed-rooms-flat-in-isolo-ajao-estate-cFcPPGvWduplyfA9XUTT.jpg"", ""https://images.propertypro.ng/large/executive-6nos-3bed-rooms-flat-in-isolo-ajao-estate-YUXzq1u9S7YsB7oCjvqB.jpg"", ""https://images.propertypro.ng/large/executive-6nos-3bed-rooms-flat-in-isolo-ajao-estate-DfbcdK5R3rvhNhasDfBb.jpg"", ""https://images.propertypro.ng/large/executive-6nos-3bed-rooms-flat-in-isolo-ajao-estate-1vpmz4VIFwWJJm06NVFf.jpg"", ""https://images.propertypro.ng/large/executive-6nos-3bed-rooms-flat-in-isolo-ajao-estate-fBMpW9KBNrjK8rR0l3wt.jpg"", ""https://images.propertypro.ng/large/executive-6nos-3bed-rooms-flat-in-isolo-ajao-estate-wDXAAu6LqJq0gIN5xwVN.jpg"", ""https://images.propertypro.ng/large/executive-6nos-3bed-rooms-flat-in-isolo-ajao-estate-eIY5gNpX4PTsIH9SPnNz.jpg"", ""https://images.propertypro.ng/large/executive-6nos-3bed-rooms-flat-in-isolo-ajao-estate-Q3hJuDIhAeVp4w7OvMPk.jpg"", ""https://images.propertypro.ng/large/executive-6nos-3bed-rooms-flat-in-isolo-ajao-estate-27j1zjLlZtiR9VcvV0Vf.jpg"", ""https://images.propertypro.ng/large/executive-6nos-3bed-rooms-flat-in-isolo-ajao-estate-I7miCuiTngekheH11cDa.jpg"", ""https://images.propertypro.ng/large/executive-6nos-3bed-rooms-flat-in-isolo-ajao-estate-tgPWnTbtS2Glfid6CMAG.jpg"", ""https://images.propertypro.ng/large/executive-6nos-3bed-rooms-flat-in-isolo-ajao-estate-7mRq7ZB5iTldxgYlBvfv.jpg"", ""https://images.propertypro.ng/large/executive-6nos-3bed-rooms-flat-in-isolo-ajao-estate-eP9T0zZ0q8U0g7Mv5PYj.jpg"", ""https://images.propertypro.ng/large/executive-6nos-3bed-rooms-flat-in-isolo-ajao-estate-38gAs4nEXLNVDcoaF5uv.jpg"", ""https://images.propertypro.ng/large/executive-6nos-3bed-rooms-flat-in-isolo-ajao-estate-AolsPZQ6xmPkqKtyse49.jpg""]",Fully Furnished,[],https://propertypro.ng/property/3-bedroom-house-for-sale-ajao-estate-isolo-lagos-2NLBT,False
5 Bedroom Fully Detached Duplex With Bq,Detached Duplex,"5 bedroom House for sale Ikeja GRA Ikeja Lagos selling for ₦1,900,000,000.",1900000000,5,5,6,Ikeja Gra Ikeja Lagos,Ikeja,Lagos,Nigeria,"[""https://images.propertypro.ng/large/spacious-5-bedroom-fully-detached-duplex-with-bq-liQHUwIUzmmaBR0KhM88.jpg"", ""https://images.propertypro.ng/large/spacious-5-bedroom-fully-detached-duplex-with-bq-ZVNjzT0GXsiCeg97gLj4.jpg"", ""https://images.propertypro.ng/large/spacious-5-bedroom-fully-detached-duplex-with-bq-fbM1SW3JVfWYowSixCsv.jpg"", ""https://images.propertypro.ng/large/spacious-5-bedroom-fully-detached-duplex-with-bq-U4922H9IvJ0csB9iZP0m.jpg"", ""https://images.propertypro.ng/large/spacious-5-bedroom-fully-detached-duplex-with-bq-EtxhUh1yE9zzmSqALQiC.jpg"", ""https://images.propertypro.ng/large/spacious-5-bedroom-fully-detached-duplex-with-bq-IrKm3WVauDAgGgIt0G5J.jpg"", ""https://images.propertypro.ng/large/spacious-5-bedroom-fully-detached-duplex-with-bq-8PQYXGulm5chqJFqxdAv.jpg"", ""https://images.propertypro.ng/large/spacious-5-bedroom-fully-detached-duplex-with-bq-IKMueHja3ylYNIAqQQWV.jpg"", ""https://images.propertypro.ng/large/spacious-5-bedroom-fully-detached-duplex-with-bq-Z4SzXXIRXoHgfXOqympL.jpg"", ""https://images.propertypro.ng/large/spacious-5-bedroom-fully-detached-duplex-with-bq-XEVTKm0xXFiYffT4GOiw.jpg"", ""https://images.propertypro.ng/large/spacious-5-bedroom-fully-detached-duplex-with-bq-MbFEH9sgLlSt7U0DBkNJ.jpg"", ""https://images.propertypro.ng/large/spacious-5-bedroom-fully-detached-duplex-with-bq-nkB52mAln5E2n8j64hu3.jpg"", ""https://images.propertypro.ng/large/spacious-5-bedroom-fully-detached-duplex-with-bq-PMJ2Mj80QzhFh6e0Pb7T.jpg"", ""https://images.propertypro.ng/large/spacious-5-bedroom-fully-detached-duplex-with-bq-eA8835f6Cs6lfbFcH4qg.jpg"", ""https://images.propertypro.ng/large/spacious-5-bedroom-fully-detached-duplex-with-bq-TFMCzuUi4wxggKqAqdbz.jpg"", ""https://images.propertypro.ng/large/spacious-5-bedroom-fully-detached-duplex-with-bq-EX7TKYFkD5EA49PCHDGA.jpg"", ""https://images.propertypro.ng/large/spacious-5-bedroom-fully-detached-duplex-with-bq-AR0HnkETn6iCYAGuXg2B.jpg"", ""https://images.propertypro.ng/large/spacious-5-bedroom-fully-detached-duplex-with-bq-7ueqDkaPN8hamjQ9Rsgk.jpg"", ""https://images.propertypro.ng/large/spacious-5-bedroom-fully-detached-duplex-with-bq-kNptxAL49wDobhgZat6R.jpg"", ""https://images.propertypro.ng/large/spacious-5-bedroom-fully-detached-duplex-with-bq-g6zlcBniRK6kHxGdfbox.jpg"", ""https://images.propertypro.ng/large/spacious-5-bedroom-fully-detached-duplex-with-bq-GovK63hgxboOTNaD97F9.jpg"", ""https://images.propertypro.ng/large/spacious-5-bedroom-fully-detached-duplex-with-bq-myBa5bW1U791iyfh5pDH.jpg"", ""https://images.propertypro.ng/large/spacious-5-bedroom-fully-detached-duplex-with-bq-cNHgJB668thXdzy083sR.jpg"", ""https://images.propertypro.ng/large/spacious-5-bedroom-fully-detached-duplex-with-bq-MwtHghoUbSZn3oWApZZg.jpg""]",Fully Furnished,[],https://propertypro.ng/property/5-bedroom-house-for-sale-ikeja-gra-ikeja-lagos-3NZQT,False
