Property Name,Property Type,Description,Price,Bedrooms,Baths,Toilets,Location,City,State,Country,Images,Furnished,Features,URL
Modern 4 Bed Duplex +bq & Pool At Carlton Gate Estate,Duplex,"4 bedroom House for sale Carlton Gate Estate, Beside Kolapo Ishola Gra, Akobo Ibadan Oyo selling for ₦300,000,000.",300000000,4,4,5,"Carlton Gate Estate, Beside Kolapo Ishola Gra, Akobo Ibadan Oyo",Ibadan,Oyo,Nigeria,"[""https://images.propertypro.ng/large/exquisitely-finished-4-bedrooms-duplex-srrebBoPzyUlLgbLG90m.jpg"", ""https://images.propertypro.ng/large/exquisitely-finished-4-bedrooms-duplex-2cKVq105yLm9hYYZbUyz.jpg"", ""https://images.propertypro.ng/large/exquisitely-finished-4-bedrooms-duplex-ToMWZf5skJBYA5X0kQgD.jpg"", ""https://images.propertypro.ng/large/exquisitely-finished-4-bedrooms-duplex-HWApJzJdgknPn8uhHPyU.jpg"", ""https://images.propertypro.ng/large/exquisitely-finished-4-bedrooms-duplex-yYiHPa7BZfOmVfLIr5ra.jpg"", ""https://images.propertypro.ng/large/exquisitely-finished-4-bedrooms-duplex-Oh6ROKOPSjVDCVvCjPHO.jpg"", ""https://images.propertypro.ng/large/exquisitely-finished-4-bedrooms-duplex-6CUT6nyAcarns3VwpwmK.jpg"", ""https://images.propertypro.ng/large/exquisitely-finished-4-bedrooms-duplex-K3btFDD7B4kQAEqUH6gU.jpg"", ""https://images.propertypro.ng/large/exquisitely-finished-4-bedrooms-duplex-g9ixwhi6nbFPU6oI6GqE.jpg"", ""https://images.propertypro.ng/large/exquisitely-finished-4-bedrooms-duplex-9cBHWWMaHJBiXINQup2q.jpg"", ""https://images.propertypro.ng/large/exquisitely-finished-4-bedrooms-duplex-2np7Lf3giDAQ5gbtwlQK.jpg"", ""https://images.propertypro.ng/large/exquisitely-finished-4-bedrooms-duplex-jIKMw1IgRzLLVaXAbNMb.jpg"", ""https://images.propertypro.ng/large/exquisitely-finished-4-bedrooms-duplex-7WmgI6lExkBIz6R38Rwa.jpg"", ""https://images.propertypro.ng/large/exquisitely-finished-4-bedrooms-duplex-srcmCtnwEuqxS3NwkGsC.jpg"", ""https://images.propertypro.ng/large/exquisitely-finished-4-bedrooms-duplex-2EcPcZ4iwGfuOXh5img5.jpg"", ""https://images.propertypro.ng/large/exquisitely-finished-4-bedrooms-duplex-PFc8PZtrtdcf2nYXMEBw.jpg"", ""https://images.propertypro.ng/large/exquisitely-finished-4-bedrooms-duplex-1s6ItazIyeHoBXSFH0Ox.jpg"", ""https://images.propertypro.ng/large/exquisitely-finished-4-bedrooms-duplex-ZfAoLyGmJZpf3sQfGhdp.jpg"", ""https://images.propertypro.ng/large/exquisitely-finished-4-bedrooms-duplex-mJGVcxfckBTFzb26XsFm.jpg"", ""https://images.propertypro.ng/large/exquisitely-finished-4-bedrooms-duplex-zJiaNd4vouM9sm91XIPh.jpg"", ""https://images.propertypro.ng/large/exquisitely-finished-4-bedrooms-duplex-ClatWpzFYnGMpCn0H0Ft.jpg"", ""https://images.propertypro.ng/large/exquisitely-finished-4-bedrooms-duplex-xnPAMv1mHenqNN6XXIWr.jpg"", ""https://images.propertypro.ng/large/exquisitely-finished-4-bedrooms-duplex-ZlPW8kpqM8qRuGobag6x.jpg"", ""https://images.propertypro.ng/large/exquisitely-finished-4-bedrooms-duplex-nmWmoChZWL2RuX3W9RqQ.jpg"", ""https://images.propertypro.ng/large/exquisitely-finished-4-bedrooms-duplex-2k44vOAWcaT7c7zgA2XJ.jpg""]",Fully Furnished,"[""24 Hours Security"", ""Big Compound"", ""All Room Ensuit"", ""Drainage System""]",https://propertypro.ng/property/4-bedroom-house-for-sale-carlton-gate-estate-beside-kolapo-ishola-gra-akobo-ibadan-oyo-4NCCT
5 Bedroom Semi Detached House,Detached House,"5 bedroom House for sale Idu Abuja selling for ₦370,000,000.",370000000,5,5,6,Idu Abuja,Idu,Abuja,Nigeria,"[""https://images.propertypro.ng/large/5-bedroom-semidetached-house-for-sale-at-idu-dNTQm1GYRBCgTaVMgP1F.jpeg"", ""https://images.propertypro.ng/large/5-bedroom-semidetached-house-for-sale-at-idu-lulxwmTypHuYcYW9zf7L.jpeg"", ""https://images.propertypro.ng/large/5-bedroom-semidetached-house-for-sale-at-idu-DSCyM3gfmumvFANYgDfT.jpeg"", ""https://images.propertypro.ng/large/5-bedroom-semidetached-house-for-sale-at-idu-pBBu4zsb8o8xpYBbHbQp.jpeg"", ""https://images.propertypro.ng/large/5-bedroom-semidetached-house-for-sale-at-idu-TU4nC5LQ5B8Hiklp01RI.jpeg"", ""https://images.propertypro.ng/large/5-bedroom-semidetached-house-for-sale-at-idu-rNoSkJQTHOhTL17DwuzK.jpeg"", ""https://images.propertypro.ng/large/5-bedroom-semidetached-house-for-sale-at-idu-y6TyxhpuFnBfJQbgdyQ6.jpeg"", ""https://images.propertypro.ng/large/5-bedroom-semidetached-house-for-sale-at-idu-p7j2SFAhxgLPjideowAi.jpeg"", ""https://images.propertypro.ng/large/5-bedroom-semidetached-house-for-sale-at-idu-pPGm9FP9ufGF3BHx8TD7.jpeg"", ""https://images.propertypro.ng/large/5-bedroom-semidetached-house-for-sale-at-idu-deOdrQf0nfDUe3i0B7dd.jpeg""]",Fully Furnished,"[""Street Lights"", ""24 Hours Security"", ""Big Compound"", ""Restaurants Nearby"", ""All Room Ensuit"", ""POP Ceiling"", ""Drainage System"", ""Supermarket Nearby"", ""Parking Space"", ""Security"", ""Boys Quater"", ""Security doors"", ""Fast Internet""]",https://propertypro.ng/property/5-bedroom-house-for-sale-idu-abuja-0NVJU
4 Bedroom Terrace Duplex,Terrace Duplex,"4 bedroom House for sale Kolapo Ishola Estate Akobo Ibadan Oyo selling for ₦150,000,000.",150000000,4,0,0,Kolapo Ishola Estate Akobo Ibadan Oyo,Ibadan,Oyo,Nigeria,"[""https://images.propertypro.ng/large/4-bedroom-terrace-duplex-RNvcJw1yck7jOaDUg4lS.jpg""]",Fully Furnished,"[""24 Hours Security"", ""Children Play Ground"", ""Big Compound"", ""Parking Space""]",https://propertypro.ng/property/4-bedroom-house-for-sale-kolapo-ishola-estate-akobo-ibadan-oyo-9NQKA
4 Bedroom Terrace Duplex,Terrace Duplex,"4 bedroom House for sale Kolapo Ishola Estate Akobo Ibadan Oyo selling for ₦150,000,000.",150000000,4,0,0,Kolapo Ishola Estate Akobo Ibadan Oyo,Ibadan,Oyo,Nigeria,"[""https://images.propertypro.ng/large/4-bedroom-terrace-duplex-RBEMOcjyEdjpoS82fTeC.jpg""]",Fully Furnished,"[""Children Play Ground"", ""24 Hours Security"", ""Big Compound"", ""Parking Space""]",https://propertypro.ng/property/4-bedroom-house-for-sale-kolapo-ishola-estate-akobo-ibadan-oyo-0NQKB
Modern Contemporary 5 Bed Semi Detached Duplex,Detached Duplex,"4 bedroom House for sale Cowrie Creek Estate Ikate Lekki Lagos selling for ₦1,000,000,000.",1000000000,4,4,5,Cowrie Creek Estate Ikate Lekki Lagos,Lekki,Lagos,Nigeria,"[""https://images.propertypro.ng/large/modern-contemporary-5-bed-semi-detached-duplex-WRF9rjIUI0C09KQEDMOU.jpeg"", ""https://images.propertypro.ng/large/modern-contemporary-5-bed-semi-detached-duplex-L0oDI3bcMy36fAP9DEYH.jpeg"", ""https://images.propertypro.ng/large/modern-contemporary-5-bed-semi-detached-duplex-SOxoVSzaHqiyaYt8QRPL.jpeg"", ""https://images.propertypro.ng/large/modern-contemporary-5-bed-semi-detached-duplex-FfZfH66yFZF81XiqYBUK.jpeg"", ""https://images.propertypro.ng/large/modern-contemporary-5-bed-semi-detached-duplex-OjxJE1rXWDQzLEQMcgk1.jpeg"", ""https://images.propertypro.ng/large/modern-contemporary-5-bed-semi-detached-duplex-ZwOrSkpdGlt3zQ5X7zih.jpeg"", ""https://images.propertypro.ng/large/modern-contemporary-5-bed-semi-detached-duplex-TDtLVY83OFvYMuxlIU89.jpeg"", ""https://images.propertypro.ng/large/modern-contemporary-5-bed-semi-detached-duplex-ZgouDSo7gs0vJc3XcZjg.jpeg"", ""https://images.propertypro.ng/large/modern-contemporary-5-bed-semi-detached-duplex-79atGlw4xxEbyWi8F7Px.jpeg"", ""https://images.propertypro.ng/large/modern-contemporary-5-bed-semi-detached-duplex-lgGm7b19HLBYbxsxyaFO.jpeg"", ""https://images.propertypro.ng/large/modern-contemporary-5-bed-semi-detached-duplex-oYtyH8Yu9OVtzXH75oEN.jpeg"", ""https://images.propertypro.ng/large/modern-contemporary-5-bed-semi-detached-duplex-kmFKv5E5YDUtO8vLaQAc.jpeg"", ""https://images.propertypro.ng/large/modern-contemporary-5-bed-semi-detached-duplex-n1TiCqKu5oRPxZr3kdFu.jpeg"", ""https://images.propertypro.ng/large/modern-contemporary-5-bed-semi-detached-duplex-BcQIGYC4NMEklATa4VaS.jpeg"", ""https://images.propertypro.ng/large/modern-contemporary-5-bed-semi-detached-duplex-8NRk2JSTsLEPgQ5PxVzN.jpeg"", ""https://images.propertypro.ng/large/modern-contemporary-5-bed-semi-detached-duplex-0W5piBo2MQn0EAHibcsg.jpeg"", ""https://images.propertypro.ng/large/modern-contemporary-5-bed-semi-detached-duplex-FlxVXNbckxdkSsSVHveE.jpeg"", ""https://images.propertypro.ng/large/modern-contemporary-5-bed-semi-detached-duplex-z0vbjYFwATWgcnQXYLay.jpeg"", ""https://images.propertypro.ng/large/modern-contemporary-5-bed-semi-detached-duplex-wZ7gQK4qbygkzSHHyOzc.jpeg"", ""https://images.propertypro.ng/large/modern-contemporary-5-bed-semi-detached-duplex-axBYXVfxeqkBydnRXCyn.jpeg"", ""https://images.propertypro.ng/large/modern-contemporary-5-bed-semi-detached-duplex-mN8MzW9eloTGcT4fDszs.jpeg""]",Fully Furnished,"[""Swimming Pool"", ""Big Compound"", ""All Room Ensuit"", ""24 hours Electricity"", ""Drainage System"", ""Parking Space"", ""Ocean View"", ""C of O"", ""Security"", ""Boys Quater"", ""Security doors""]",https://propertypro.ng/property/4-bedroom-house-for-sale-cowrie-creek-estate-ikate-lekki-lagos-6PBYJ
Luxury 4 Bedroom Detached Bungalow,Bungalow,"4 bedroom House for sale Pan Atlantic, Lakowe Golf, Eleko Junction Ibeju-Lekki Lagos selling for ₦80,000,000.",80000000,4,4,5,"Pan Atlantic, Lakowe Golf, Eleko Junction Ibeju Lekki Lagos",Lekki,Lagos,Nigeria,"[""https://images.propertypro.ng/large/ay-luxury-4-bedroom-detached-bungalow-k7Uj3iVaNtVTMcNiPn9S.jpg"", ""https://images.propertypro.ng/large/ay-luxury-4-bedroom-detached-bungalow-qdrZv6NwSxM0EozV3oVT.jpg"", ""https://images.propertypro.ng/large/ay-luxury-4-bedroom-detached-bungalow-GQMTwzBCxgwPYs0oPQKW.jpg"", ""https://images.propertypro.ng/large/ay-luxury-4-bedroom-detached-bungalow-txulpRkP5rgkszAAi4zI.jpg"", ""https://images.propertypro.ng/large/ay-luxury-4-bedroom-detached-bungalow-Vl6qtkOvIJrQHvHVJAwg.jpg"", ""https://images.propertypro.ng/large/ay-luxury-4-bedroom-detached-bungalow-w86HuR8R54YhbR8ohUYm.jpg"", ""https://images.propertypro.ng/large/ay-luxury-4-bedroom-detached-bungalow-ZAt2gR7p8hTTZEwDcQP8.jpg"", ""https://images.propertypro.ng/large/ay-luxury-4-bedroom-detached-bungalow-gf4zJtY8ySnCNb7lNdfs.jpg"", ""https://images.propertypro.ng/large/ay-luxury-4-bedroom-detached-bungalow-Ei3fB4BEBZtWYYzNBBvd.jpg"", ""https://images.propertypro.ng/large/ay-luxury-4-bedroom-detached-bungalow-t0gms1mXT46DMxBE3gQ2.jpg"", ""https://images.propertypro.ng/large/ay-luxury-4-bedroom-detached-bungalow-AklOCfDcia8OIxN4MDQu.jpg"", ""https://images.propertypro.ng/large/ay-luxury-4-bedroom-detached-bungalow-vEEcmR9phPwRKi0OqGux.jpg"", ""https://images.propertypro.ng/large/ay-luxury-4-bedroom-detached-bungalow-WD2yqZlOvnxHJ98pBjqp.jpg""]",Fully Furnished,"[""Big Compound"", ""All Room Ensuit"", ""24 hours Electricity"", ""CCTV Cameras"", ""Drainage System"", ""C of O""]",https://propertypro.ng/property/4-bedroom-house-for-sale-pan-atlantic-lakowe-golf-eleko-junction-ibeju-lekki-lagos-2PAEF
5 Bedroom Semi Detached Duplex,Detached Duplex,"5 bedroom House for sale Ikate Lekki Lagos selling for ₦330,000,000.",330000000,5,5,6,Ikate Lekki Lagos,Lekki,Lagos,Nigeria,"[""https://images.propertypro.ng/large/5-bedroom-semi-detached-duplex-in-lekki-6HnKN0KpdRX3GtE2KfMm.png"", ""https://images.propertypro.ng/large/5-bedroom-semi-detached-duplex-in-lekki-ks569KnU8zW9IZ9EouYb.jpeg"", ""https://images.propertypro.ng/large/5-bedroom-semi-detached-duplex-in-lekki-YmtmtcLRMd0cw49TytQH.jpeg"", ""https://images.propertypro.ng/large/5-bedroom-semi-detached-duplex-in-lekki-YjQCsxoNFVocejVTQTWb.jpeg"", ""https://images.propertypro.ng/large/5-bedroom-semi-detached-duplex-in-lekki-8VcB4pIsZNVVNmKRQxlU.jpeg"", ""https://images.propertypro.ng/large/5-bedroom-semi-detached-duplex-in-lekki-yaIval9EbU9kg9si8Hya.jpeg"", ""https://images.propertypro.ng/large/5-bedroom-semi-detached-duplex-in-lekki-p2OdKY2XML7cq0JQIhbj.jpeg"", ""https://images.propertypro.ng/large/5-bedroom-semi-detached-duplex-in-lekki-5gVdzZ0uMLgnGbGRSytK.jpeg"", ""https://images.propertypro.ng/large/5-bedroom-semi-detached-duplex-in-lekki-BGddXULyO6Yjzoqa3VOc.jpeg"", ""https://images.propertypro.ng/large/5-bedroom-semi-detached-duplex-in-lekki-vuTr7sE1GoyHebJPPfVu.jpeg"", ""https://images.propertypro.ng/large/5-bedroom-semi-detached-duplex-in-lekki-3BD4xeRXIUG1bPIxgclC.jpeg"", ""https://images.propertypro.ng/large/5-bedroom-semi-detached-duplex-in-lekki-tcr3AG4cUZcovJpMuYcW.jpeg"", ""https://images.propertypro.ng/large/5-bedroom-semi-detached-duplex-in-lekki-0xMdNm1nw8LyCgCcjc6U.jpeg"", ""https://images.propertypro.ng/large/5-bedroom-semi-detached-duplex-in-lekki-dd2J8ehZrNDNsZsIpu0t.jpeg""]",Fully Furnished,[],https://propertypro.ng/property/5-bedroom-house-for-sale-ikate-lekki-lagos-1NWNC
Newly Built 3 Bedroom Terrace Duplex With Bq,Terrace Duplex,"3 bedroom House for sale Jahi Abuja selling for ₦220,000,000.",220000000,3,3,4,Jahi Abuja,Jahi,Abuja,Nigeria,"[""https://images.propertypro.ng/large/newly-built-3-bedroom-terrace-duplex-with-bq-CjNGHSOdbwBbttwYubyu.jpg"", ""https://images.propertypro.ng/large/newly-built-3-bedroom-terrace-duplex-with-bq-cfw6nfvAHyE2Mz0BAkPa.jpg"", ""https://images.propertypro.ng/large/newly-built-3-bedroom-terrace-duplex-with-bq-pXkodPrgDc1ouYekHBxQ.jpg"", ""https://images.propertypro.ng/large/newly-built-3-bedroom-terrace-duplex-with-bq-H8SbqS9ECWKt1Ue5Czlx.jpg"", ""https://images.propertypro.ng/large/newly-built-3-bedroom-terrace-duplex-with-bq-7xlrJRBwNAYj2ShiUmoI.jpg"", ""https://images.propertypro.ng/large/newly-built-3-bedroom-terrace-duplex-with-bq-DVY58dEYJNXHRqXmzTho.jpg"", ""https://images.propertypro.ng/large/newly-built-3-bedroom-terrace-duplex-with-bq-MOA2EmCbLa0QFxzBXYmR.jpg"", ""https://images.propertypro.ng/large/newly-built-3-bedroom-terrace-duplex-with-bq-fxp8o1BTpDMaNrYn9j2C.jpg"", ""https://images.propertypro.ng/large/newly-built-3-bedroom-terrace-duplex-with-bq-CU4osK6Vb32FlGfIHH87.jpg"", ""https://images.propertypro.ng/large/newly-built-3-bedroom-terrace-duplex-with-bq-4j3brFGk65nrcQ9XU7vt.jpg""]",Fully Furnished,"[""Street Lights"", ""All Room Ensuit"", ""POP Ceiling"", ""Security"", ""Security doors"", ""Boys Quater"", ""Fast Internet""]",https://propertypro.ng/property/3-bedroom-house-for-sale-jahi-abuja-1PBPN
5 Bedroom Semi Detached Duplex + Bq,Detached Duplex,"5 bedroom House for sale Lekki Palms City Estate, Off Lekki Epe Express Way Ado Road Ajah Lagos selling for ₦210,000,000.",210000000,5,0,0,"Lekki Palms City Estate, Off Lekki Epe Express Way Ado Road Ajah Lagos",Ajah,Lagos,Nigeria,"[""https://images.propertypro.ng/large/5-bedroom-semi-detached-duplex-bq-uG1CoUcpqZLP2JJt1LEQ.jpg"", ""https://images.propertypro.ng/large/5-bedroom-semi-detached-duplex-bq-6sikVaRMxchWAc2NVAUB.jpg"", ""https://images.propertypro.ng/large/5-bedroom-semi-detached-duplex-bq-WFktPREWgaRjFcaExXED.jpg"", ""https://images.propertypro.ng/large/5-bedroom-semi-detached-duplex-bq-8Dfxff4kTWJ4y5iQM3a4.jpg"", ""https://images.propertypro.ng/large/5-bedroom-semi-detached-duplex-bq-WqbYHZGtG6HSsguU9UUK.jpg"", ""https://images.propertypro.ng/large/5-bedroom-semi-detached-duplex-bq-8oCZzHHZ01owpkvcQd6R.jpg"", ""https://images.propertypro.ng/large/5-bedroom-semi-detached-duplex-bq-QxKwMOQI4PBBhv45RNe0.jpg"", ""https://images.propertypro.ng/large/5-bedroom-semi-detached-duplex-bq-Z5rcI7DjcLLzv6umtX5R.jpg""]",Fully Furnished,"[""Swimming Pool"", ""Governor's Consent"", ""POP Ceiling"", ""Boys Quater""]",https://propertypro.ng/property/5-bedroom-house-for-sale-lekki-palms-city-estate-off-lekki-epe-express-way-ado-road-ajah-lagos-3NWAU
Contemporary Five Bedroom Detached House With Pool,Detached House,"5 bedroom House for sale Ikota By Mega Chicken Lekki Ikota Lekki Lagos selling for ₦420,000,000.",420000000,5,5,6,Ikota By Mega Chicken Lekki Ikota Lekki Lagos,Lekki,Lagos,Nigeria,"[""https://images.propertypro.ng/large/contemporary-five-bedroom-detached-house-with-pool-PewNcFBcCBzDLqVj9EOv.jpeg"", ""https://images.propertypro.ng/large/contemporary-five-bedroom-detached-house-with-pool-ck7p6rap320F5bwoWwwp.jpeg"", ""https://images.propertypro.ng/large/contemporary-five-bedroom-detached-house-with-pool-DGTwjjvrIHlyGEHVFZmt.jpeg"", ""https://images.propertypro.ng/large/contemporary-five-bedroom-detached-house-with-pool-9bQcpCKbsLkEK64IMc0C.jpeg"", ""https://images.propertypro.ng/large/contemporary-five-bedroom-detached-house-with-pool-KM2u9yn4TbWsxWJg6DTk.jpeg"", ""https://images.propertypro.ng/large/contemporary-five-bedroom-detached-house-with-pool-8pc1in1qyTFChXYSi5c8.jpeg"", ""https://images.propertypro.ng/large/contemporary-five-bedroom-detached-house-with-pool-dj1YdoTn1t9eKJzytOsI.jpeg"", ""https://images.propertypro.ng/large/contemporary-five-bedroom-detached-house-with-pool-0OvSyuE92wfxpgkPhJcZ.jpeg"", ""https://images.propertypro.ng/large/contemporary-five-bedroom-detached-house-with-pool-RqK2QABRTZq128Wm43VM.jpeg"", ""https://images.propertypro.ng/large/contemporary-five-bedroom-detached-house-with-pool-tYu2KLIvvlLTtrtGvIBG.jpeg"", ""https://images.propertypro.ng/large/contemporary-five-bedroom-detached-house-with-pool-mDAWq1PEJc9EQtjXFECZ.jpeg"", ""https://images.propertypro.ng/large/contemporary-five-bedroom-detached-house-with-pool-Ukg16cy3OagDP1PNAg3N.jpeg"", ""https://images.propertypro.ng/large/contemporary-five-bedroom-detached-house-with-pool-BG19dhTd22uDv4HGGazA.jpeg"", ""https://images.propertypro.ng/large/contemporary-five-bedroom-detached-house-with-pool-KwZcKj7bUhrUt1sGBAvH.jpeg"", ""https://images.propertypro.ng/large/contemporary-five-bedroom-detached-house-with-pool-e8BlHQwTiJnkGof3qrXO.jpeg"", ""https://images.propertypro.ng/large/contemporary-five-bedroom-detached-house-with-pool-nvACDLhG2DLUsaydWJhj.jpeg""]",Fully Furnished,[],https://propertypro.ng/property/5-bedroom-house-for-sale-ikota-by-mega-chicken-lekki-ikota-lekki-lagos-7PBUD
Four Bedroom Semi Detached House &roof Top,Detached House,"4 bedroom House for sale Ikoyi Lagos Parkview Estate Ikoyi Lagos selling for ₦1,200,000,000.",1200000000,4,4,5,Ikoyi Lagos Parkview Estate Ikoyi Lagos,Ikoyi,Lagos,Nigeria,"[""https://images.propertypro.ng/large/four-bedroom-semi-detached-house-amproof-top-bWAEGrNaRra7tEebFunJ.jpeg"", ""https://images.propertypro.ng/large/four-bedroom-semi-detached-house-amproof-top-H6mZ7v6GZaqFitrqQdTk.jpeg"", ""https://images.propertypro.ng/large/four-bedroom-semi-detached-house-amproof-top-1LvnZAxTM7Ns2QxYjI49.jpeg"", ""https://images.propertypro.ng/large/four-bedroom-semi-detached-house-amproof-top-i2bCYthAqMllo3qKItHL.jpeg"", ""https://images.propertypro.ng/large/four-bedroom-semi-detached-house-amproof-top-xN0y2bjLzTMZUjW3HtBl.jpeg"", ""https://images.propertypro.ng/large/four-bedroom-semi-detached-house-amproof-top-s4ckG7QUJeAaq2AV4ooW.jpeg"", ""https://images.propertypro.ng/large/four-bedroom-semi-detached-house-amproof-top-lDTQ2Hp2ghMWrByprPCB.jpeg"", ""https://images.propertypro.ng/large/four-bedroom-semi-detached-house-amproof-top-hpW097G2QHjQ1T5PcKFv.jpeg"", ""https://images.propertypro.ng/large/four-bedroom-semi-detached-house-amproof-top-zQCLwuE7x5v0CYkhmcbg.jpeg"", ""https://images.propertypro.ng/large/four-bedroom-semi-detached-house-amproof-top-t9JX2X0kppZ7EutlTOzt.jpeg"", ""https://images.propertypro.ng/large/four-bedroom-semi-detached-house-amproof-top-UZRATEN9uZjhPKUDavb8.jpeg"", ""https://images.propertypro.ng/large/four-bedroom-semi-detached-house-amproof-top-U5DKYWMEyj7JaDuAL9gO.jpeg"", ""https://images.propertypro.ng/large/four-bedroom-semi-detached-house-amproof-top-OjOLWVtPbjas2JxWBOeS.jpeg"", ""https://images.propertypro.ng/large/four-bedroom-semi-detached-house-amproof-top-Bfq8sYtZBJwyOwFRVBR2.jpeg"", ""https://images.propertypro.ng/large/four-bedroom-semi-detached-house-amproof-top-afggEWrMXnSizjb4UQ0X.jpeg""]",Fully Furnished,[],https://propertypro.ng/property/4-bedroom-house-for-sale-ikoyi-lagos-parkview-estate-ikoyi-lagos-4PAVM
4 Bedroom Flat,Flat,"4 bedroom House for sale Wuse 1 Abuja selling for ₦360,000,000.",360000000,4,4,5,Wuse 1 Abuja,1,Abuja,Nigeria,"[""https://images.propertypro.ng/large/4-bedroom-amp1bq-terrace-for-sale-at-wuse-zone-4-GX3Xd4c3b1g7vlU3tQMm.jpeg"", ""https://images.propertypro.ng/large/4-bedroom-amp1bq-terrace-for-sale-at-wuse-zone-4-TM8Vd0KEMQ2fk8exTee9.jpeg"", ""https://images.propertypro.ng/large/4-bedroom-amp1bq-terrace-for-sale-at-wuse-zone-4-eEXcwk7jMyuPlwridJz3.jpeg"", ""https://images.propertypro.ng/large/4-bedroom-amp1bq-terrace-for-sale-at-wuse-zone-4-2OtZlGqFXUbkhjEVNfbJ.jpeg"", ""https://images.propertypro.ng/large/4-bedroom-amp1bq-terrace-for-sale-at-wuse-zone-4-U7PwM8dmpIcHmYcamtI3.jpeg"", ""https://images.propertypro.ng/large/4-bedroom-amp1bq-terrace-for-sale-at-wuse-zone-4-Xs4ibcM8oqdLfWN0E1vR.jpeg"", ""https://images.propertypro.ng/large/4-bedroom-amp1bq-terrace-for-sale-at-wuse-zone-4-K0AbaaO6i4XxOkZoDksQ.jpeg"", ""https://images.propertypro.ng/large/4-bedroom-amp1bq-terrace-for-sale-at-wuse-zone-4-rstDs3Gv4kOEQXNnGBSV.jpeg"", ""https://images.propertypro.ng/large/4-bedroom-amp1bq-terrace-for-sale-at-wuse-zone-4-JpraHyVLxYE0laCdS1HG.jpeg"", ""https://images.propertypro.ng/large/4-bedroom-amp1bq-terrace-for-sale-at-wuse-zone-4-nnNCzC4fq62xJvDa0oKJ.jpeg""]",Fully Furnished,"[""Street Lights"", ""Fast Internet"", ""Big Compound"", ""24 Hours Security"", ""Governor's Consent"", ""Restaurants Nearby"", ""All Room Ensuit"", ""Drainage System"", ""Church Nearby"", ""Parking Space"", ""Water Treatment"", ""Office Supplies"", ""POP Ceiling"", ""Free Coffee"", ""Supermarket Nearby"", ""C of O"", ""Security"", ""Security doors"", ""Boys Quater"", ""Mosques Nearby""]",https://propertypro.ng/property/4-bedroom-house-for-sale-wuse-1-abuja-4NUTE
4 Bedroom Detached Duplex,Detached Duplex,"4 bedroom House for sale Kolapo Ishola Estate Akobo Ibadan Oyo selling for ₦200,000,000.",200000000,4,0,0,Kolapo Ishola Estate Akobo Ibadan Oyo,Ibadan,Oyo,Nigeria,"[""https://images.propertypro.ng/large/4-bedroom-detached-duplex-XpHkE4Qc2xDfDDj0A0TU.jpg"", ""https://images.propertypro.ng/large/4-bedroom-detached-duplex-Girw5OGFjmF408F9UWiG.jpg"", ""https://images.propertypro.ng/large/4-bedroom-detached-duplex-bmtI8Xye3BiM9kfPBnME.jpg"", ""https://images.propertypro.ng/large/4-bedroom-detached-duplex-sfhD4sXiyTH04rOj5pwr.jpg"", ""https://images.propertypro.ng/large/4-bedroom-detached-duplex-0TBCSRBehrZ1WCov1ED9.jpg"", ""https://images.propertypro.ng/large/4-bedroom-detached-duplex-4gFqmfKMucHKWW0Nd7CF.jpg""]",Fully Furnished,"[""Big Compound"", ""Boys Quater""]",https://propertypro.ng/property/4-bedroom-house-for-sale-kolapo-ishola-estate-akobo-ibadan-oyo-1NPXW
6 Units Of 3 Bedroom Flat,Flat,"3 bedroom House for sale  Ajao Estate Isolo Lagos selling for ₦320,000,000.",320000000,3,3,3,Ajao Estate Isolo Lagos,Isolo,Lagos,Nigeria,"[""https://images.propertypro.ng/large/executive-6nos-3bed-rooms-flat-in-isolo-ajao-estate-owUvi7wT4cmBWpRzwdqX.jpg"", ""https://images.propertypro.ng/large/executive-6nos-3bed-rooms-flat-in-isolo-ajao-estate-J70MDo56xo00vHVu5n8H.jpg"", ""https://images.propertypro.ng/large/executive-6nos-3bed-rooms-flat-in-isolo-ajao-estate-qsoRy7PziLVU9k2n0JY3.jpg"", ""https://images.propertypro.ng/large/executive-6nos-3bed-rooms-flat-in-isolo-ajao-estate-Z09E04tpS8oOaknR27Cz.jpg"", ""https://images.propertypro.ng/large/executive-6nos-3bed-rooms-flat-in-isolo-ajao-estate-gh5ehYVGuPySI5lY6ObV.jpg"", ""https://images.propertypro.ng/large/executive-6nos-3bed-rooms-flat-in-isolo-ajao-estate-FeRv7ghbwGMOPcYL3zkH.jpg"", ""https://images.propertypro.ng/large/executive-6nos-3bed-rooms-flat-in-isolo-ajao-estate-whUrr9G7jeib03C2h6US.jpg"", ""https://images.propertypro.ng/large/executive-6nos-3bed-rooms-flat-in-isolo-ajao-estate-GaLw5CsyZU4laEVVoByt.jpg"", ""https://images.propertypro.ng/large/executive-6nos-3bed-rooms-flat-in-isolo-ajao-estate-zggGmzIXcEGTJJW9zLIM.jpg"", ""https://images.propertypro.ng/large/executive-6nos-3bed-rooms-flat-in-isolo-ajao-estate-51dvDxlT2N57m2cLwDER.jpg"", ""https://images.propertypro.ng/large/executive-6nos-3bed-rooms-flat-in-isolo-ajao-estate-B8B29Ppt10uW8gK8U9aF.jpg"", ""https://images.propertypro.ng/large/executive-6nos-3bed-rooms-flat-in-isolo-ajao-estate-Ah8NsYfY9eJ2jkSWPbG0.jpg"", ""https://images.propertypro.ng/large/executive-6nos-3bed-rooms-flat-in-isolo-ajao-estate-cFcPPGvWduplyfA9XUTT.jpg"", ""https://images.propertypro.ng/large/executive-6nos-3bed-rooms-flat-in-isolo-ajao-estate-YUXzq1u9S7YsB7oCjvqB.jpg"", ""https://images.propertypro.ng/large/executive-6nos-3bed-rooms-flat-in-isolo-ajao-estate-DfbcdK5R3rvhNhasDfBb.jpg"", ""https://images.propertypro.ng/large/executive-6nos-3bed-rooms-flat-in-isolo-ajao-estate-1vpmz4VIFwWJJm06NVFf.jpg"", ""https://images.propertypro.ng/large/executive-6nos-3bed-rooms-flat-in-isolo-ajao-estate-fBMpW9KBNrjK8rR0l3wt.jpg"", ""https://images.propertypro.ng/large/executive-6nos-3bed-rooms-flat-in-isolo-ajao-estate-wDXAAu6LqJq0gIN5xwVN.jpg"", ""https://images.propertypro.ng/large/executive-6nos-3bed-rooms-flat-in-isolo-ajao-estate-eIY5gNpX4PTsIH9SPnNz.jpg"", ""https://images.propertypro.ng/large/executive-6nos-3bed-rooms-flat-in-isolo-ajao-estate-Q3hJuDIhAeVp4w7OvMPk.jpg"", ""https://images.propertypro.ng/large/executive-6nos-3bed-rooms-flat-in-isolo-ajao-estate-27j1zjLlZtiR9VcvV0Vf.jpg"", ""https://images.propertypro.ng/large/executive-6nos-3bed-rooms-flat-in-isolo-ajao-estate-I7miCuiTngekheH11cDa.jpg"", ""https://images.propertypro.ng/large/executive-6nos-3bed-rooms-flat-in-isolo-ajao-estate-tgPWnTbtS2Glfid6CMAG.jpg"", ""https://images.propertypro.ng/large/executive-6nos-3bed-rooms-flat-in-isolo-ajao-estate-7mRq7ZB5iTldxgYlBvfv.jpg"", ""https://images.propertypro.ng/large/executive-6nos-3bed-rooms-flat-in-isolo-ajao-estate-eP9T0zZ0q8U0g7Mv5PYj.jpg"", ""https://images.propertypro.ng/large/executive-6nos-3bed-rooms-flat-in-isolo-ajao-estate-38gAs4nEXLNVDcoaF5uv.jpg"", ""https://images.propertypro.ng/large/executive-6nos-3bed-rooms-flat-in-isolo-ajao-estate-AolsPZQ6xmPkqKtyse49.jpg""]",Fully Furnished,[],https://propertypro.ng/property/3-bedroom-house-for-sale-ajao-estate-isolo-lagos-2NLBT
5 Bedroom Fully Detached Duplex With Bq,Detached Duplex,"5 bedroom House for sale Ikeja GRA Ikeja Lagos selling for ₦1,900,000,000.",1900000000,5,5,6,Ikeja Gra Ikeja Lagos,Ikeja,Lagos,Nigeria,"[""https://images.propertypro.ng/large/spacious-5-bedroom-fully-detached-duplex-with-bq-liQHUwIUzmmaBR0KhM88.jpg"", ""https://images.propertypro.ng/large/spacious-5-bedroom-fully-detached-duplex-with-bq-ZVNjzT0GXsiCeg97gLj4.jpg"", ""https://images.propertypro.ng/large/spacious-5-bedroom-fully-detached-duplex-with-bq-fbM1SW3JVfWYowSixCsv.jpg"", ""https://images.propertypro.ng/large/spacious-5-bedroom-fully-detached-duplex-with-bq-U4922H9IvJ0csB9iZP0m.jpg"", ""https://images.propertypro.ng/large/spacious-5-bedroom-fully-detached-duplex-with-bq-EtxhUh1yE9zzmSqALQiC.jpg"", ""https://images.propertypro.ng/large/spacious-5-bedroom-fully-detached-duplex-with-bq-IrKm3WVauDAgGgIt0G5J.jpg"", ""https://images.propertypro.ng/large/spacious-5-bedroom-fully-detached-duplex-with-bq-8PQYXGulm5chqJFqxdAv.jpg"", ""https://images.propertypro.ng/large/spacious-5-bedroom-fully-detached-duplex-with-bq-IKMueHja3ylYNIAqQQWV.jpg"", ""https://images.propertypro.ng/large/spacious-5-bedroom-fully-detached-duplex-with-bq-Z4SzXXIRXoHgfXOqympL.jpg"", ""https://images.propertypro.ng/large/spacious-5-bedroom-fully-detached-duplex-with-bq-XEVTKm0xXFiYffT4GOiw.jpg"", ""https://images.propertypro.ng/large/spacious-5-bedroom-fully-detached-duplex-with-bq-MbFEH9sgLlSt7U0DBkNJ.jpg"", ""https://images.propertypro.ng/large/spacious-5-bedroom-fully-detached-duplex-with-bq-nkB52mAln5E2n8j64hu3.jpg"", ""https://images.propertypro.ng/large/spacious-5-bedroom-fully-detached-duplex-with-bq-PMJ2Mj80QzhFh6e0Pb7T.jpg"", ""https://images.propertypro.ng/large/spacious-5-bedroom-fully-detached-duplex-with-bq-eA8835f6Cs6lfbFcH4qg.jpg"", ""https://images.propertypro.ng/large/spacious-5-bedroom-fully-detached-duplex-with-bq-TFMCzuUi4wxggKqAqdbz.jpg"", ""https://images.propertypro.ng/large/spacious-5-bedroom-fully-detached-duplex-with-bq-EX7TKYFkD5EA49PCHDGA.jpg"", ""https://images.propertypro.ng/large/spacious-5-bedroom-fully-detached-duplex-with-bq-AR0HnkETn6iCYAGuXg2B.jpg"", ""https://images.propertypro.ng/large/spacious-5-bedroom-fully-detached-duplex-with-bq-7ueqDkaPN8hamjQ9Rsgk.jpg"", ""https://images.propertypro.ng/large/spacious-5-bedroom-fully-detached-duplex-with-bq-kNptxAL49wDobhgZat6R.jpg"", ""https://images.propertypro.ng/large/spacious-5-bedroom-fully-detached-duplex-with-bq-g6zlcBniRK6kHxGdfbox.jpg"", ""https://images.propertypro.ng/large/spacious-5-bedroom-fully-detached-duplex-with-bq-GovK63hgxboOTNaD97F9.jpg"", ""https://images.propertypro.ng/large/spacious-5-bedroom-fully-detached-duplex-with-bq-myBa5bW1U791iyfh5pDH.jpg"", ""https://images.propertypro.ng/large/spacious-5-bedroom-fully-detached-duplex-with-bq-cNHgJB668thXdzy083sR.jpg"", ""https://images.propertypro.ng/large/spacious-5-bedroom-fully-detached-duplex-with-bq-MwtHghoUbSZn3oWApZZg.jpg""]",Fully Furnished,[],https://propertypro.ng/property/5-bedroom-house-for-sale-ikeja-gra-ikeja-lagos-3NZQT
4 Bedroom Maisonette,Other,"4 bedroom House for sale  Mojisola Onikoyi Estate Ikoyi Lagos selling for ₦1,700,000,000.",1700000000,4,4,5,Mojisola Onikoyi Estate Ikoyi Lagos,Ikoyi,Lagos,Nigeria,"[""https://images.propertypro.ng/large/well-built-four-bedroom-massionte-house-amp-pent-floor-yNS1RRByEuKsuMc6vAjP.jpeg"", ""https://images.propertypro.ng/large/well-built-four-bedroom-massionte-house-amp-pent-floor-nx8f3HTbPXbkMpHbeOZJ.jpeg"", ""https://images.propertypro.ng/large/well-built-four-bedroom-massionte-house-amp-pent-floor-8GkI23ovGgeJiwwVZiPc.jpeg"", ""https://images.propertypro.ng/large/well-built-four-bedroom-massionte-house-amp-pent-floor-GQD5A9w9KlnEyjJWNG9q.jpeg"", ""https://images.propertypro.ng/large/well-built-four-bedroom-massionte-house-amp-pent-floor-UckNJFaNjDAnWgFtPFnf.jpeg"", ""https://images.propertypro.ng/large/well-built-four-bedroom-massionte-house-amp-pent-floor-HGw3JMVfdZeCmaoeMWtJ.jpeg"", ""https://images.propertypro.ng/large/well-built-four-bedroom-massionte-house-amp-pent-floor-TQkkwUqisXivlt77utnF.jpeg"", ""https://images.propertypro.ng/large/well-built-four-bedroom-massionte-house-amp-pent-floor-LR63CMbtMvgM1uhIjYyT.jpeg"", ""https://images.propertypro.ng/large/well-built-four-bedroom-massionte-house-amp-pent-floor-BYMRpcnMLZCWb2g0hoH5.jpeg"", ""https://images.propertypro.ng/large/well-built-four-bedroom-massionte-house-amp-pent-floor-5BX88TrTaT6C4WNfXos1.jpeg"", ""https://images.propertypro.ng/large/well-built-four-bedroom-massionte-house-amp-pent-floor-OMwEVyMnti6L8LvxohdL.jpeg"", ""https://images.propertypro.ng/large/well-built-four-bedroom-massionte-house-amp-pent-floor-ImBvI105faWK9aeoCpyC.jpeg""]",Fully Furnished,[],https://propertypro.ng/property/4-bedroom-house-for-sale-mojisola-onikoyi-estate-ikoyi-lagos-9NYWT
4 Bedroom Terraced Duplex,Duplex,"4 bedroom House for sale Gwarinpa Abuja selling for ₦140,000,000.",140000000,4,4,4,Gwarinpa Abuja,Gwarinpa,Abuja,Nigeria,"[""https://images.propertypro.ng/large/4-bedroom-terrace-duplex-for-sale-jGzRdCuvdKIQ53ONWrGn.jpeg"", ""https://images.propertypro.ng/large/4-bedroom-terrace-duplex-for-sale-9azLxB8dRLOUlADTiCMC.jpeg"", ""https://images.propertypro.ng/large/4-bedroom-terrace-duplex-for-sale-3EXe8px6IzPvLfbk7ETs.jpeg"", ""https://images.propertypro.ng/large/4-bedroom-terrace-duplex-for-sale-XkLrJR2TorAWVvfnvOWS.jpeg"", ""https://images.propertypro.ng/large/4-bedroom-terrace-duplex-for-sale-WKXY0n0sNVE2KlgiUOvY.jpeg"", ""https://images.propertypro.ng/large/4-bedroom-terrace-duplex-for-sale-l2WJUxHOOEMY0rsUZCXv.jpeg"", ""https://images.propertypro.ng/large/4-bedroom-terrace-duplex-for-sale-nGqXK8pQyknZeECszHGz.jpeg"", ""https://images.propertypro.ng/large/4-bedroom-terrace-duplex-for-sale-JzkZwWST5fDjTjb9xYSe.jpeg"", ""https://images.propertypro.ng/large/4-bedroom-terrace-duplex-for-sale-XpVjXMG3eLPRZWPoZKF8.jpeg""]",Fully Furnished,[],https://propertypro.ng/property/4-bedroom-house-for-sale-gwarinpa-abuja-7NVSX
4 Bedroom Detached Duplex,Detached Duplex,"4 bedroom House for sale Kolapo Ishola Estate Akobo Ibadan Oyo selling for ₦200,000,000.",200000000,4,0,0,Kolapo Ishola Estate Akobo Ibadan Oyo,Ibadan,Oyo,Nigeria,"[""https://images.propertypro.ng/large/4-bedroom-detached-duplex-3YAXt3jEKodMBHK1h0Zv.jpg"", ""https://images.propertypro.ng/large/4-bedroom-detached-duplex-2HHOzf4iudE1uRC6EkSY.jpg"", ""https://images.propertypro.ng/large/4-bedroom-detached-duplex-11V00O56ZMcgP5zz54r3.jpg"", ""https://images.propertypro.ng/large/4-bedroom-detached-duplex-20RuVNBmuCsCOjjpTT2p.jpg"", ""https://images.propertypro.ng/large/4-bedroom-detached-duplex-9jb0MWsClQ7hPWNgfqB6.jpg"", ""https://images.propertypro.ng/large/4-bedroom-detached-duplex-0jNlg4HbtJKARMxcEaLW.jpg""]",Fully Furnished,"[""Big Compound"", ""Boys Quater""]",https://propertypro.ng/property/4-bedroom-house-for-sale-kolapo-ishola-estate-akobo-ibadan-oyo-1NPXV
